102,fermentum.fermentum@mattis.org,true
105,Sed@necligula.co.uk,true
101,tristique@Maecenas.net,false
104,Mauris.ut.quam@quis.net,false
101,lorem.eu@CuraePhasellusornare.com,true
105,tempor.lorem@faucibusMorbi.com,true
102,tempor.lorem@faucibusMorbi.com,false
101,lobortis.Class@ridiculusmus.net,false
102,lobortis.Class@ridiculusmus.net,false
105,ligula@vitaeerat.org,true
105,Sed@necligula.co.uk,false
105,lorem.eu@CuraePhasellusornare.com,true
105,Sed@necligula.co.uk,true
103,Lorem.ipsum.dolor@urnanecluctus.org,true
103,tristique@Maecenas.net,false
102,lorem.eu@CuraePhasellusornare.com,true
105,Sed@necligula.co.uk,false
104,eget.odio.Aliquam@elementumategestas.co.uk,false
104,Lorem.ipsum.dolor@urnanecluctus.org,true
101,fermentum.fermentum@mattis.org,false
102,diam.vel.arcu@erat.edu,true
105,rutrum.justo.Praesent@volutpat.org,true
104,aliquam.arcu.Aliquam@turpis.net,false
104,ac.mattis@molestiedapibusligula.org,true
102,tempor.lorem@faucibusMorbi.com,true
101,tristique@Maecenas.net,false
103,Lorem.ipsum.dolor@urnanecluctus.org,true
103,Donec.nibh@fringillaest.com,true
101,enim.commodo.hendrerit@justoPraesent.edu,false
103,rutrum.justo.Praesent@volutpat.org,true
104,lobortis.Class@ridiculusmus.net,false
104,aliquam.arcu.Aliquam@turpis.net,false
103,Sed@necligula.co.uk,false
104,Quisque.ornare@SuspendisseduiFusce.edu,true
105,Quisque.ornare@SuspendisseduiFusce.edu,false
102,fermentum.fermentum@mattis.org,true
101,tempor.lorem@faucibusMorbi.com,true
103,malesuada@justofaucibus.co.uk,true
104,fermentum.fermentum@mattis.org,true
105,eget.odio.Aliquam@elementumategestas.co.uk,false
102,fermentum.fermentum@mattis.org,false
103,Mauris.ut.quam@quis.net,true
103,Quisque.ornare@SuspendisseduiFusce.edu,true
103,Mauris.ut.quam@quis.net,false
105,tristique@Maecenas.net,false
105,tempor.lorem@faucibusMorbi.com,true
104,malesuada@justofaucibus.co.uk,false
101,Sed@necligula.co.uk,false
103,Lorem.ipsum.dolor@urnanecluctus.org,true
104,eget.odio.Aliquam@elementumategestas.co.uk,true
103,lorem.eu@CuraePhasellusornare.com,true
101,enim.commodo.hendrerit@justoPraesent.edu,false
102,Quisque.ornare@SuspendisseduiFusce.edu,true
102,tristique@Maecenas.net,false
105,lobortis.Class@ridiculusmus.net,true
101,Mauris.ut.quam@quis.net,false
104,enim.commodo.hendrerit@justoPraesent.edu,false
101,malesuada@justofaucibus.co.uk,false
104,diam.vel.arcu@erat.edu,false
101,enim.commodo.hendrerit@justoPraesent.edu,false
103,tristique@Maecenas.net,false
101,lorem.eu@CuraePhasellusornare.com,true
102,aliquam.arcu.Aliquam@turpis.net,false
105,Lorem.ipsum.dolor@urnanecluctus.org,true
105,lobortis.Class@ridiculusmus.net,true
101,tristique@Maecenas.net,true
102,Donec.nibh@fringillaest.com,false
103,malesuada@justofaucibus.co.uk,false
105,lorem.eu@CuraePhasellusornare.com,true
102,lobortis.Class@ridiculusmus.net,false
102,lorem.eu@CuraePhasellusornare.com,true
104,tristique@Maecenas.net,false
102,rutrum.justo.Praesent@volutpat.org,true
103,eget.odio.Aliquam@elementumategestas.co.uk,false
105,malesuada@justofaucibus.co.uk,true
105,Donec.nibh@fringillaest.com,false
101,aliquam.arcu.Aliquam@turpis.net,false
101,eget.odio.Aliquam@elementumategestas.co.uk,true
103,fermentum.fermentum@mattis.org,true
103,fermentum.fermentum@mattis.org,false
103,Quisque.ornare@SuspendisseduiFusce.edu,false
103,malesuada@justofaucibus.co.uk,true
102,Donec.nibh@fringillaest.com,true
104,lobortis.Class@ridiculusmus.net,true
103,fermentum.fermentum@mattis.org,false
104,Sed@necligula.co.uk,false
105,diam.vel.arcu@erat.edu,true
103,ac.mattis@molestiedapibusligula.org,true
102,malesuada@justofaucibus.co.uk,true
103,Mauris.ut.quam@quis.net,true
101,Donec.nibh@fringillaest.com,true
104,rutrum.justo.Praesent@volutpat.org,false
105,aliquam.arcu.Aliquam@turpis.net,false
104,suscipit.nonummy.Fusce@velitduisemper.org,false
104,diam.vel.arcu@erat.edu,true
105,a.facilisis.non@cursusaenim.net,true
102,ligula@vitaeerat.org,true
101,tempor.lorem@faucibusMorbi.com,true
105,rutrum.justo.Praesent@volutpat.org,false
104,Quisque.ornare@SuspendisseduiFusce.edu,false
